<annotation>
	<folder>images</folder>
	<filename>output-0228.jpg</filename>
	<path>/Users/wilson/Desktop/knife_footage/10/images/output-0228.jpg</path>
	<source>
		<database>Unknown</database>
	</source>
	<size>
		<width>1920</width>
		<height>1080</height>
		<depth>3</depth>
	</size>
	<segmented>0</segmented>
	<object>
		<name>knife</name>
		<pose>Unspecified</pose>
		<truncated>1</truncated>
		<difficult>0</difficult>
		<bndbox>
			<xmin>938</xmin>
			<ymin>1</ymin>
			<xmax>1060</xmax>
			<ymax>407</ymax>
		</bndbox>
	</object>
</annotation>
