<annotation>
	<folder>images</folder>
	<filename>output-0014.jpg</filename>
	<path>/Users/wilson/Desktop/knife_footage/10/images/output-0014.jpg</path>
	<source>
		<database>Unknown</database>
	</source>
	<size>
		<width>1920</width>
		<height>1080</height>
		<depth>3</depth>
	</size>
	<segmented>0</segmented>
	<object>
		<name>knife</name>
		<pose>Unspecified</pose>
		<truncated>0</truncated>
		<difficult>0</difficult>
		<bndbox>
			<xmin>859</xmin>
			<ymin>263</ymin>
			<xmax>985</xmax>
			<ymax>622</ymax>
		</bndbox>
	</object>
</annotation>
